Workbook
Name Q_SEND_PAYROALL: بيانات!$B$1:$G$1
Name Q_SEND_PAYROALL: #REF!

Sheet ورقة1
G1: الادارة المحلية | K1: التعزية
G2: الاشغال العامة والطرق | K2: الشمايتين
G3: الاعلام | K3: الصلو
G4: الاوقاف قطاع التوجيه والارشاد | K4: القاهرة
G5: التخطيط والتعاون الدولي | K5: المخاء
G6: التربية والتعليم | K6: المسراخ
G7: التعليم الفني والتدريب المهني | K7: المظفر
G8: الثقافة | K8: المعافر
G9: الخدمة المدنية والتأمينات | K9: المواسط
G10: الزراعة والري | K10: الوازعية
G11: السياحة | K11: جبل حبشي
G12: الشباب والرياضة | K12: حيفان
... G19: شئون المغتربين | K19: صبر الموادم
K20: ماوية
K21: مركز المحافظة
K22: مشرعة وحدنان
K23: مقبنة
K24: موزع
A91: 1 | B91: واحد
A92: 2 | B92: اثنان
A93: 3 | B93: ثلاثة
A94: 4 | B94: أربعة
A95: 5 | B95: خمسة
A96: 6 | B96: ستة
A97: 7 | B97: سبعة
A98: 8 | B98: ثمانية
A99: 9 | B99: تسعة
A100: 10 | B100: عشرة
A101: 11 | B101: أحد عشر
A102: 12 | B102: أثنى عشر
... A120: 30 | B120: ثلاثون

Sheet بيانات
A1: الرقم المالي | B1: الوحدة الادارية | D1: الرقم الوظيفي | E1: اسم الموظف | F1: المديرية | G1: الدرجةالوظيفية | H1: شهر البيانات | I1: الراتب الاساسي | J1: تاريخ الميلاد | K1: تاريخ التعيين | L1: حالة الموظف | M1: الفرع
A2: 433091 | B2: التربية والتعليم | D2: 2206176 | E2: ابتسام سعيد سلام احمد | F2: الشمايتين | G2: الثالثة عشرة | H2: 45474 | I2: 49427 | J2: 28856 | K2: 40909 | M2: -7يوليوعزاعز/الشمايتين
A3: 267401 | B3: التربية والتعليم | D3: 1168586 | E3: ابتسام سلطان سعيد اسماعيل | F3: الشمايتين | G3: السابعة | H3: 45474 | I3: 85697 | J3: 28491 | K3: 35407 | M3: الوحده شرق بني شيبه بنات
A4: 368971 | B4: التربية والتعليم | D4: 1192690 | E4: ابتسام عبدالحكيم محمد الحبشي | F4: الشمايتين | G4: الثامنة | H4: 45474 | I4: 82478 | J4: 28126 | K4: 35779 | M4: الوحده بالتربه
A5: 267407 | B5: التربية والتعليم | D5: 1167904 | E5: ابتسام عبدالله سيف سعيد | F5: الشمايتين | G5: السابعة | H5: 45474 | I5: 85697 | J5: 26665 | K5: 35490 | M5: المعافر ( ا, ع. ث )
A6: 70301266 | B6: التربية والتعليم | D6: 1196990 | E6: ابتسام عبدالله قاسم علي | F6: الشمايتين | G6: السابعة | H6: 45474 | I6: 85697 | J6: 27030 | K6: 35037 | M6: النهضة للبنات
A7: 433109 | B7: التربية والتعليم | D7: 2206194 | E7: ابتسام عبده محمد فارع المذحجي | F7: الشمايتين | G7: الثالثة عشرة | H7: 45474 | I7: 49427 | J7: 27760 | K7: 40909 | M7: -7يوليوعزاعز/الشمايتين
A8: 103730 | B8: التربية والتعليم | D8: 1181718 | E8: ابتسام عبده مقبل علي | F8: الشمايتين | G8: الخامسة | H8: 45474 | I8: 98635 | J8: 25204 | K8: 33615 | M8: النهضة للبنات
A9: 272374 | B9: التربية والتعليم | D9: 1595517 | E9: ابتسام محمد امين قاسم الشرجبي | F9: الشمايتين | G9: السابعة | H9: 45474 | I9: 85697 | J9: 27760 | K9: 37991 | M9: مدرسة 13 يونيو - شرجب
A10: 15696 | B10: التربية والتعليم | D10: 1172366 | E10: ابتسام محمد سلام سعيد الشرجبي | F10: الشمايتين | G10: الرابعة | H10: 45474 | I10: 103631 | J10: 25569 | K10: 32786 | L10: تقاعد بالخدمة | M10: مدرسة 13 يونيو - شرجب
A11: 270620 | B11: التربية والتعليم | D11: 1472043 | E11: ابتهال احمد شمسان سلام | F11: الشمايتين | G11: السادسة | H11: 45474 | I11: 94214 | J11: 27760 | K11: 36869 | M11: المرحوم/ سلام سعيد
A12: 273970 | B12: التربية والتعليم | D12: 2133825 | E12: ابتهال ياسين محمد احمد الاديمي | F12: الشمايتين | G12: التاسعة | H12: 45474 | I12: 70422 | J12: 28126 | K12: 40138 | M12: المساجد اديم/
A13: 170902 | B13: التربية والتعليم | D13: 1535832 | E13: ابراهيم احمد عبدالرقيب الهتاري | F13: الشمايتين | G13: السادسة | H13: 45474 | I13: 94214 | J13: 28126 | K13: 37230 | M13: عثمان بن عفان للبنات
A14: 113937 | B14: التربية والتعليم | D14: 1185572 | E14: ابراهيم احمد عبده علي | F14: الشمايتين | G14: الثالثة | H14: 45474 | I14: 115277 | J14: 24473 | K14: 34263 | M14: حفصه للبنات
A15: 38557 | B15: التربية والتعليم | D15: 1181353 | E15: ابراهيم حميد محمد مجاهد الاكحلي | F15: الشمايتين | G15: الخامسة | H15: 45474 | I15: 98635 | J15: 26299 | K15: 33863 | M15: الفقيد النعمان
A16: 262570 | B16: التربية والتعليم | D16: 1183363 | E16: ابراهيم درهم عبدالرحمن محمود | F16: الشمايتين | G16: السادسة | H16: 45474 | I16: 89525 | J16: 27395 | K16: 35021 | M16: عمر بن الخطاب / دبع الداخل
A17: 131524 | B17: التربية والتعليم | D17: 1171557 | E17: ابراهيم سفيان احمد سليمان | F17: الشمايتين | G17: السادسة | H17: 45474 | I17: 94214 | J17: 26665 | K17: 34660 | M17: الشهيد عبدالرحمن الغافقي
A18: 113587 | B18: التربية والتعليم | D18: 1172081 | E18: ابراهيم سيف هاشم عون | F18: الشمايتين | G18: السادسة | H18: 45474 | I18: 94214 | J18: 27030 | K18: 34358 | M18: مدرسة اسامه بن زيد
A19: 130924 | B19: التربية والتعليم | D19: 1169293 | E19: ابراهيم طاهر غالب عبدالله | F19: الشمايتين | G19: السادسة | H19: 45474 | I19: 94214 | J19: 27395 | K19: 34646 | M19: الميهال جبل صبران
A20: 117208 | B20: التربية والتعليم | D20: 1180407 | E20: ابراهيم عبدالملك عبدالحميد الشيباني | F20: الشمايتين | G20: الثالثة | H20: 45474 | I20: 115277 | J20: 25204 | K20: 34266 | M20: -26سبتمبر(أ)بالسويقه/الشمايتين
A21: 117143 | B21: التربية والتعليم | D21: 1281709 | E21: ابراهيم عبده محمد المقري | F21: الشمايتين | G21: الرابعة | H21: 45474 | I21: 100743 | J21: 25569 | K21: 34259 | M21: ـ26سبتمبر زكيره/الشمايتين
A22: 380869 | B22: التربية والتعليم | D22: 1112231 | E22: ابراهيم فضل مقبل الحصيني | F22: الشمايتين | G22: الثامنة | H22: 45474 | I22: 80472 | J22: 27760 | K22: 35785 | M22: إدارة التربية والتعليم بالمديرية
A23: 907 | B23: التربية والتعليم | D23: 1172210 | E23: ابراهيم محمد عوض المعمري | F23: الشمايتين | G23: الثالثة | H23: 45474 | I23: 96536 | J23: 20821 | K23: 28415 | L23: بالغ أحد الأجلين | M23: الامل بني عمر/الشمايتين
A24: 260393 | B24: التربية والتعليم | D24: 1174016 | E24: ابوالاسرار احمد احمد ابوالاسرار | F24: الشمايتين | G24: الخامسة | H24: 45474 | I24: 95955 | J24: 22647 | K24: 35057 | L24: تقاعد بالعمر | M24: إدارة التربية والتعليم بالمديرية
A25: 270585 | B25: التربية والتعليم | D25: 1472045 | E25: ابوبكر سيف احمد صالح | F25: الشمايتين | G25: التاسعة | H25: 45474 | I25: 77868 | J25: 26299 | K25: 36865 | M25: الزكيره
A26: 13954 | B26: التربية والتعليم | D26: 1171653 | E26: ابوبكر سيف هاشم عون | F26: الشمايتين | G26: الثالثة | H26: 45474 | I26: 115277 | J26: 25204 | K26: 32559 | L26: تقاعد بالخدمة | M26: الفقيد النعمان
A27: 133016 | B27: التربية والتعليم | D27: 1176402 | E27: ابوبكر سيف هائل عبدالله الشيباني | F27: الشمايتين | G27: السادسة | H27: 45474 | I27: 95502 | J27: 25204 | K27: 34687 | M27: الاصلاح/غرب بني شيبه/الشمايتين
A28: 113664 | B28: التربية والتعليم | D28: 1175654 | E28: ابوبكر عبدالباري علي نعمان | F28: الشمايتين | G28: السادسة | H28: 45474 | I28: 94214 | J28: 27030 | K28: 34358 | M28: الشهيد/ احمد سيف الشرجبي
A29: 110788 | B29: التربية والتعليم | D29: 1174084 | E29: ابوبكر عبدالرقيب عبدالوهاب | F29: الشمايتين | G29: الخامسة | H29: 45474 | I29: 98635 | J29: 24838 | K29: 33864 | M29: الفجر الجديد بالتربة
A30: 130897 | B30: التربية والتعليم | D30: 1169948 | E30: ابوبكر عبدالله علي محمد الاصبحي | F30: الشمايتين | G30: السادسة | H30: 45474 | I30: 94214 | J30: 26665 | K30: 34646 | M30: إدارة التربية والتعليم بالمديرية
A31: 262227 | B31: التربية والتعليم | D31: 1179461 | E31: ابوبكر محمد عثمان فارع | F31: الشمايتين | G31: السادسة | H31: 45474 | I31: 95502 | J31: 25204 | K31: 35059 | M31: الميهال جبل صبران
A32: 38558 | B32: التربية والتعليم | D32: 1171989 | E32: ابوبكر محمد علوان الاصبحي | F32: الشمايتين | G32: الخامسة | H32: 45474 | I32: 98635 | J32: 25569 | K32: 33863 | M32: النجاح اصابح
A33: 38273 | B33: التربية والتعليم | D33: 1175982 | E33: ابوبكر مهيوب علي عبدان | F33: الشمايتين | G33: الخامسة | H33: 45474 | I33: 98635 | J33: 25204 | K33: 33875 | M33: الشهيد/ طه عبدالوارث
A34: 272207 | B34: التربية والتعليم | D34: 1595532 | E34: اتفاق احمد شمسان محمود ناصر المذحجي | F34: الشمايتين | G34: السابعة | H34: 45474 | I34: 85697 | J34: 28856 | K34: 37991 | M34: الجيل الجديد مداحج/الشمايتين
A35: 433172 | B35: التربية والتعليم | D35: 2206266 | E35: اتفاق سلطان احمد غالب | F35: الشمايتين | G35: العاشرة | H35: 45474 | I35: 61147 | J35: 28856 | K35: 40909 | M35: النهضة للبنات
A36: 417089 | B36: التربية والتعليم | D36: 2072969 | E36: اجلال فؤاد احمد علي | F36: الشمايتين | G36: الثامنة | H36: 45474 | I36: 81297 | J36: 29221 | K36: 38791 | M36: التعاون مشارقه/الشمايتين
A37: 369039 | B37: التربية والتعليم | D37: 1197017 | E37: احسان احمد سلام صالح | F37: الشمايتين | G37: السابعة | H37: 45474 | I37: 85697 | J37: 28126 | K37: 34762 | M37: م/ المثنى بن حارثه
A38: 272628 | B38: التربية والتعليم | D38: 1595535 | E38: احلام انور علي الرعدي | F38: الشمايتين | G38: الثامنة | H38: 45474 | I38: 81298 | J38: 28856 | K38: 38648 | M38: النهضة للبنات
... A49: 260374 | B49: التربية والتعليم | D49: 1172082 | E49: احمد بجاش محمد خظر | F49: الشمايتين | G49: السابعة | H49: 45474 | I49: 85697 | J49: 23743 | K49: 35150 | M49: السلام راسن
A50: 111226 | B50: التربية والتعليم | D50: 1184239 | E50: احمد ردمان علي عبده القرشي | F50: الشمايتين | G50: الخامسة | H50: 45474 | I50: 99975 | J50: 23012 | K50: 34155 | L50: تقاعد بالعمر | M50: خوله بنت الازور
A51: 8816 | B51: التربية والتعليم | D51: 1186121 | E51: احمد سعيد احمد ثابت المدحجي | F51: الشمايتين | G51: الاولى | H51: 45474 | I51: 118934 | J51: 20455 | K51: 31619 | L51: بالغ أحد الأجلين | M51: المعافر ( ا, ع. ث )
A52: 13961 | B52: التربية والتعليم | D52: 1176166 | E52: احمد سعيد احمد غالب | F52: الشمايتين | G52: الثالثة | H52: 45474 | I52: 115277 | J52: 24473 | K52: 32248 | L52: تقاعد بالخدمة | M52: الشهيد/ سعيد حسن فارع
A53: 16953 | B53: التربية والتعليم | D53: 1174583 | E53: احمد سعيد عبدالجبار سعيد الرباصي | F53: الشمايتين | G53: الرابعة | H53: 45474 | I53: 105288 | J53: 24473 | K53: 32846 | L53: تقاعد بالخدمة | M53: شرف شرجب
A54: 501256 | B54: التربية والتعليم | D54: 1185874 | E54: احمد سعيد عبدالله المقرمي | F54: الشمايتين | G54: السادسة | H54: 45474 | I54: 94214 | J54: 25204 | K54: 35044 | M54: التصحيح مساحين/الشمايتين
A55: 36632 | B55: التربية والتعليم | D55: 1181459 | E55: احمد سعيد علي سعيد العزعزي | F55: الشمايتين | G55: الخامسة | H55: 45474 | I55: 98635 | J55: 23377 | K55: 33513 | L55: تقاعد بالعمر | M55: النور حجفات / عزاعز
A56: 132569 | B56: التربية والتعليم | D56: 1170456 | E56: احمد سعيد علي شمسان العزعزي | F56: الشمايتين | G56: السادسة | H56: 45474 | I56: 95502 | J56: 27030 | K56: 34648 | M56: الشهيد ياسين بني مسن
A57: 19866 | B57: التربية والتعليم | D57: 1171024 | E57: احمد سعيد غالب الاديمي | F57: الشمايتين | G57: الثانية | H57: 45474 | I57: 118514 | J57: 22647 | K57: 33108 | L57: متوفي | M57: الشهيد عبدالرحمن الغافقي
A58: 218737 | B58: التربية والتعليم | D58: 2087821 | E58: احمد سلطان احمد سعيد | F58: الشمايتين | G58: التاسعة | H58: 45474 | I58: 73388 | J58: 28856 | K58: 39408 | M58: الشهيد/ احمد سيف / مساحين
A59: 141259 | B59: التربية والتعليم | D59: 1162727 | E59: احمد سلطان عبدالله محمد | F59: الشمايتين | G59: السادسة | H59: 45474 | I59: 95502 | J59: 24838 | K59: 34744 | M59: خالد بن الوليد شوحط
A60: 23513 | B60: التربية والتعليم | D60: 1171861 | E60: احمد سيف سعيد الاصبحي | F60: الشمايتين | G60: الخامسة | H60: 45474 | I60: 98635 | J60: 25204 | K60: 33565 | M60: النجاح اصابح
A61: 131024 | B61: التربية والتعليم | D61: 1171337 | E61: احمد سيف شمسان المعمري | F61: الشمايتين | G61: السادسة | H61: 45474 | I61: 94214 | J61: 26299 | K61: 34655 | M61: جرداد بني عمر
A62: 130969 | B62: التربية والتعليم | D62: 1171154 | E62: احمد سيف محمد علي | F62: الشمايتين | G62: السادسة | H62: 45474 | I62: 94214 | J62: 26665 | K62: 34655 | M62: اخينه زعازع/شمايتين
A63: 273947 | B63: التربية والتعليم | D63: 2133828 | E63: احمد شرف عبدالله احمد حيدر | F63: الشمايتين | G63: التاسعة | H63: 45474 | I63: 70422 | J63: 29587 | K63: 40138 | M63: الحمدي زعازع
A64: 1184832 | B64: التربية والتعليم | D64: 1472049 | E64: احمد شرف غالب علي العزعزي | F64: الشمايتين | G64: السادسة | H64: 45474 | I64: 87071 | J64: 25204 | K64: 36848 | M64: شمسان / بالسمسره
A65: 260299 | B65: التربية والتعليم | D65: 1184807 | E65: احمد شعبان محمد سعيد | F65: الشمايتين | G65: السادسة | H65: 45474 | I65: 95502 | J65: 25934 | K65: 35082 | M65: مدرسة 13 يونيو
A66: 34856 | B66: التربية والتعليم | D66: 1180885 | E66: احمد عبدالجليل احمد عبده | F66: الشمايتين | G66: الخامسة | H66: 45474 | I66: 98635 | J66: 24473 | K66: 33530 | M66: الشهيد ياسين بني مسن
A67: 263579 | B67: التربية والتعليم | D67: 1192672 | E67: احمد عبدالرحمن احمد سلطان | F67: الشمايتين | G67: السابعة | H67: 45474 | I67: 85697 | J67: 27030 | K67: 35030 | M67: مدرسة اسامه بن زيد
A68: 215184 | B68: التربية والتعليم | D68: 1221233 | E68: احمد عبدالرحيم احمد الاصبحي | F68: الشمايتين | G68: السادسة | H68: 45474 | I68: 95502 | J68: 25204 | K68: 35050 | M68: م/ الصالح بالكسر
A69: 369196 | B69: التربية والتعليم | D69: 1195907 | E69: احمد عبدالغني احمد | F69: الشمايتين | G69: الثانية | H69: 45474 | I69: 102029 | J69: 21186 | K69: 31983 | L69: بالغ أحد الأجلين | M69: إدارة التربية والتعليم بالمديرية
A70: 132986 | B70: التربية والتعليم | D70: 1183802 | E70: احمد عبدالغني عبدالخالق محمد | F70: الشمايتين | G70: السادسة | H70: 45474 | I70: 79731 | J70: 22282 | K70: 34687 | L70: تقاعد بالعمر | M70: إدارة التربية والتعليم بالمديرية
A71: 216027 | B71: التربية والتعليم | D71: 1215064 | E71: احمد عبدالكريم عبدالرحمن ملهي | F71: الشمايتين | G71: السابعة | H71: 45474 | I71: 86924 | J71: 24473 | K71: 35396 | M71: النور حجفات / عزاعز
A72: 369209 | B72: التربية والتعليم | D72: 1206206 | E72: احمد عبدالله احمد محسن | F72: الشمايتين | G72: الثامنة | H72: 45474 | I72: 82478 | J72: 27395 | K72: 35779 | M72: الصديق عزاعز
A73: 20346 | B73: التربية والتعليم | D73: 1180138 | E73: احمد عبدالله تميم المعمري | F73: الشمايتين | G73: الثانية | H73: 45474 | I73: 125108 | J73: 23012 | K73: 33171 | L73: تقاعد بالعمر | M73: جرداد بني عمر
A74: 264930 | B74: التربية والتعليم | D74: 1182281 | E74: احمد عبدالله حسن سلام المساح | F74: الشمايتين | G74: السابعة | H74: 45474 | I74: 85697 | J74: 27395 | K74: 35100 | M74: مدرسة 13 يونيو
A75: 273966 | B75: التربية والتعليم | D75: 2133821 | E75: احمد عبدالله عبده احمد | F75: الشمايتين | G75: التاسعة | H75: 45474 | I75: 70422 | J75: 26665 | K75: 40138 | M75: م/ العلاء
A76: 36249 | B76: التربية والتعليم | D76: 1193888 | E76: احمد عبدالله علي سعيد | F76: الشمايتين | G76: السابعة | H76: 45474 | I76: 83515 | J76: 24108 | K76: 33485 | M76: إدارة التربية والتعليم بالمديرية
A77: 369222 | B77: التربية والتعليم | D77: 1197103 | E77: احمد عبدالله علي سعيد محمد | F77: الشمايتين | G77: السادسة | H77: 45474 | I77: 94214 | J77: 27760 | K77: 34660 | M77: إدارة التربية والتعليم بالمديرية
A78: 35183 | B78: التربية والتعليم | D78: 1171733 | E78: احمد عبدالله محمد محمد حسن | F78: الشمايتين | G78: الخامسة | H78: 45474 | I78: 91333 | J78: 21186 | K78: 33546 | L78: تقاعد بالعمر | M78: السلام راسن للبنات
A79: 111991 | B79: التربية والتعليم | D79: 1181230 | E79: احمد عبدالمعطي مكرد سعيد | F79: الشمايتين | G79: الخامسة | H79: 45474 | I79: 99975 | J79: 24473 | K79: 34260 | M79: الفجر الجديد بالتربة
A80: 14009 | B80: التربية والتعليم | D80: 1181346 | E80: احمد عبدالواحد عبدالغني فارع المقرمي | F80: الشمايتين | G80: الرابعة | H80: 45474 | I80: 103631 | J80: 25204 | K80: 32377 | L80: تقاعد بالخدمة | M80: النور حجفات / عزاعز
A81: 36719 | B81: التربية والتعليم | D81: 1176008 | E81: احمد عبدالواسع حسن احمد | F81: الشمايتين | G81: الخامسة | H81: 45474 | I81: 103503 | J81: 25934 | K81: 33503 | M81: مدرسة 13 يونيو - شرجب
A82: 38560 | B82: التربية والتعليم | D82: 1172496 | E82: احمد عبدالولي احمد سيف | F82: الشمايتين | G82: الخامسة | H82: 45474 | I82: 98635 | J82: 23377 | K82: 33863 | L82: تقاعد بالعمر | M82: مدرسة 13 يونيو - شرجب
A83: 812 | B83: التربية والتعليم | D83: 1170879 | E83: احمد عبده ثابت الاصبحي | F83: الشمايتين | G83: الاولى | H83: 45474 | I83: 118934 | J83: 20455 | K83: 31391 | L83: بالغ أحد الأجلين | M83: الشهيد عبدالرحمن الغافقي
A84: 17123 | B84: التربية والتعليم | D84: 1181383 | E84: احمد عبده عبدالله عزعزي | F84: الشمايتين | G84: الرابعة | H84: 45474 | I84: 103631 | J84: 24108 | K84: 32774 | L84: تقاعد بالخدمة | M84: النور حجفات / عزاعز
A85: 36727 | B85: التربية والتعليم | D85: 1171410 | E85: احمد عبده عبدالله علوان | F85: الشمايتين | G85: الخامسة | H85: 45474 | I85: 98635 | J85: 26299 | K85: 33239 | M85: اسماء للبنات/رجاعيه/الشمايتين
A86: 104029 | B86: التربية والتعليم | D86: 1175075 | E86: احمد عبده محمد المعمري | F86: الشمايتين | G86: الثانية | H86: 45474 | I86: 118514 | J86: 21551 | K86: 31778 | L86: بالغ أحد الأجلين | M86: جرداد بني عمر
A87: 36506 | B87: التربية والتعليم | D87: 1185120 | E87: احمد عبده محمد مجاهد الفقيه | F87: الشمايتين | G87: الخامسة | H87: 45474 | I87: 98635 | J87: 23743 | K87: 33509 | M87: الفجر الجديد بالتربة
A88: 108168 | B88: التربية والتعليم | D88: 1181173 | E88: احمد علوان سعيد عبده | F88: الشمايتين | G88: الخامسة | H88: 45474 | I88: 99975 | J88: 25204 | K88: 34268 | M88: -7يوليوعزاعز/الشمايتين
A89: 264820 | B89: التربية والتعليم | D89: 1179939 | E89: احمد علوان عبده محمد | F89: الشمايتين | G89: السابعة | H89: 45474 | I89: 85697 | J89: 26299 | K89: 35077 | M89: الحمدي زعازع
A90: 269173 | B90: التربية والتعليم | D90: 1171051 | E90: احمد علي احمد عبدالله | F90: الشمايتين | G90: الرابعة | H90: 45474 | I90: 103631 | J90: 25569 | K90: 35428 | M90: النجاح اصابح
A91: 131529 | B91: التربية والتعليم | D91: 1171580 | E91: احمد علي احمد محمد قيضي | F91: الشمايتين | G91: السادسة | H91: 45474 | I91: 85202 | J91: 26299 | K91: 34660 | L91: متوفي | M91: الشهيد ياسين بني مسن
A92: 261575 | B92: التربية والتعليم | D92: 1178323 | E92: احمد علي احمد نورالدين | F92: الشمايتين | G92: السادسة | H92: 45474 | I92: 95502 | J92: 26299 | K92: 35030 | M92: مدرسة بني محمد
A93: 113568 | B93: التربية والتعليم | D93: 1184580 | E93: احمد علي حزام مقبل | F93: الشمايتين | G93: السادسة | H93: 45474 | I93: 94214 | J93: 26665 | K93: 34361 | M93: النجاح اصابح
A94: 433279 | B94: التربية والتعليم | D94: 2206369 | E94: احمد علي صالح علي سلال | F94: الشمايتين | G94: الثالثة عشرة | H94: 45474 | I94: 49427 | J94: 26299 | K94: 40909 | M94: انس بن مالك
A95: 30615 | B95: التربية والتعليم | D95: 1223377 | E95: احمد علي عبدالله عبدالله الاصبحي | F95: الشمايتين | G95: الثالثة | H95: 45474 | I95: 115277 | J95: 24838 | K95: 33870 | M95: الميهال / اصابح
A96: 267238 | B96: التربية والتعليم | D96: 1160781 | E96: احمد علي عبدالودوود الغوري | F96: الشمايتين | G96: الرابعة | H96: 45474 | I96: 103631 | J96: 25934 | K96: 35428 | M96: الوحده شرق بني شيبه
A97: 593 | B97: التربية والتعليم | D97: 1185456 | E97: احمد علي عبده الشرجبي | F97: الشمايتين | G97: الاولى | H97: 45474 | I97: 126939 | J97: 20821 | K97: 29482 | L97: بالغ أحد الأجلين | M97: مدرسة 13 يونيو - شرجب
A98: 98550 | B98: التربية والتعليم | D98: 1179892 | E98: احمد علي علوان سعيد | F98: الشمايتين | G98: الخامسة | H98: 45474 | I98: 98635 | J98: 25569 | K98: 33574 | M98: اخينه زعازع/شمايتين
A99: 113577 | B99: التربية والتعليم | D99: 1184882 | E99: احمد علي علوان محمد الزعزي | F99: الشمايتين | G99: السادسة | H99: 45474 | I99: 94214 | J99: 25204 | K99: 34360 | M99: الغراغير / زعازع
A100: 117142 | B100: التربية والتعليم | D100: 1281680 | E100: احمد علي محمد المقرمي | F100: الشمايتين | G100: الرابعة | H100: 45474 | I100: 100743 | J100: 26299 | K100: 34259 | M100: المقارمه الجديده
A101: 264889 | B101: التربية والتعليم | D101: 1200584 | E101: احمد علي محمد عبدالله | F101: الشمايتين | G101: السابعة | H101: 45474 | I101: 85697 | J101: 25569 | K101: 35078 | M101: الشهيد عبدالرقيب
A102: 263399 | B102: التربية والتعليم | D102: 1163904 | E102: احمد غالب ناجي محسن | F102: الشمايتين | G102: السابعة | H102: 45474 | I102: 85697 | J102: 28126 | K102: 35021 | M102: المرحوم/ سلام سعيد
A103: 369314 | B103: التربية والتعليم | D103: 1195945 | E103: احمد غانم عبدالله سعيد المعمري | F103: الشمايتين | G103: الثالثة | H103: 45474 | I103: 115277 | J103: 23012 | K103: 34321 | L103: تقاعد بالعمر | M103: جرداد بني عمر
A104: 36252 | B104: التربية والتعليم | D104: 1171375 | E104: احمد فارع محمد محسن | F104: الشمايتين | G104: الخامسة | H104: 45474 | I104: 98635 | J104: 25934 | K104: 33503 | M104: المقارمه الجديده
A105: 369325 | B105: التربية والتعليم | D105: 1201694 | E105: احمد قائد عبدالله احمد | F105: الشمايتين | G105: السادسة | H105: 45474 | I105: 94214 | J105: 26299 | K105: 34298 | M105: م/ العلاء
A106: 112297 | B106: التربية والتعليم | D106: 1176324 | E106: احمد محمد احمد سعيد سيف | F106: الشمايتين | G106: الثالثة | H106: 45474 | I106: 115277 | J106: 25204 | K106: 34252 | M106: الشهيد/ سعيد حسن فارع
A107: 112603 | B107: التربية والتعليم | D107: 1180332 | E107: احمد محمد احمد صالح | F107: الشمايتين | G107: الثامنة | H107: 45474 | I107: 77160 | J107: 26299 | K107: 34265 | M107: الغراغير / زعازع
A108: 38341 | B108: التربية والتعليم | D108: 1172389 | E108: احمد محمد احمد علي | F108: الشمايتين | G108: الخامسة | H108: 45474 | I108: 98635 | J108: 26299 | K108: 33875 | M108: جامعة الجديده مساحين
A109: 37912 | B109: التربية والتعليم | D109: 1180165 | E109: احمد محمد حيدر عوض | F109: الشمايتين | G109: الثالثة | H109: 45474 | I109: 116043 | J109: 21916 | K109: 33397 | L109: تقاعد بالعمر | M109: جرداد بني عمر
A110: 110799 | B110: التربية والتعليم | D110: 1174561 | E110: احمد محمد سالم احمد | F110: الشمايتين | G110: الخامسة | H110: 45474 | I110: 98635 | J110: 25934 | K110: 33864 | M110: م/ الحسين بنين
...

Sheet التربية والتعليم_x0009__x0009__
G2: مديرية: | H2: =D5 -> الشمايتين
A3: مكتب الخدمة المدنية والتأمينات م/ تعز
A4: مركز تكنولوجيا المعلومات | F4: شهر: | H4: مارس | K4: =NOW() -> 46044.443
A5: فرع الخدمة المدنية بمديرية | D5: الشمايتين
D6: ؤ | E6: يرجى ضبط التاريخ في الجهاز الذي يقوم بإعداد هذه الكشوفات.
D8: ؤ | E8: لا ينظر إلى الاسم المرفوع به غياب من خارج المديرية حتى يتم إنهاء المناقلة.
D10: ؤ | E10: يراعى رفع الكشوفات في موعد أقصاه ( اليوم الثامن من الشهر ).
D12: ؤ | E12: يـرجـــــى عـــــدم الكـتـابـــــة بـخـــــط الـيـــــد بـعـــــد طـبـاعـــــة الكـشـــــف.
C14: كشف بغياب فرع مكتب | E14: التربية والتعليم
A17: م | B17: الرقم المالي | C17: الرقم الوظيفي | D17: الاســـــــــم | E17: الفــــــــــــرع | F17: المديرية | G17: العـمــر | H17: الخدمة | I17: عدد أيام الغياب | K17: الملاحظـــات
I18: رقمـاً | J18: بالأحـــرف
A19: {=IF(B19="","",ROW(1:1))} | C19: =IF(B19=0,"",VLOOKUP(B19,بيانات!A:H,4,FALSE)) | D19: =IF(B19=0,"",VLOOKUP(B19,بيانات!A:H,5,FALSE)) | E19: =IF(B19=0,"",VLOOKUP(B19,بيانات!A:M,13,FALSE)) | F19: =IF(B19=0,"",VLOOKUP(B19,بيانات!A:H,6,FALSE)) | J19: =IF(I19=0,"",VLOOKUP(I19,ورقة1!A:B,2,FALSE)) | K19: =IF(B19=0,"",IF(VLOOKUP(B19,بيانات!A:L,12,FALSE)=0,"",VLOOKUP(B19,بيانات!A:L,12,FALSE))) | L19: نموذج الغياب الموحد - 2 ( أغسطس 2024 )
A20: {=IF(B20="","",ROW(2:2))} | C20: =IF(B20=0,"",VLOOKUP(B20,بيانات!A:H,4,FALSE)) | D20: =IF(B20=0,"",VLOOKUP(B20,بيانات!A:H,5,FALSE)) | E20: =IF(B20=0,"",VLOOKUP(B20,بيانات!A:M,13,FALSE)) | F20: =IF(B20=0,"",VLOOKUP(B20,بيانات!A:H,6,FALSE)) | J20: =IF(I20=0,"",VLOOKUP(I20,ورقة1!A:B,2,FALSE)) | K20: =IF(B20=0,"",IF(VLOOKUP(B20,بيانات!A:L,12,FALSE)=0,"",VLOOKUP(B20,بيانات!A:L,12,FALSE)))
A21: {=IF(B21="","",ROW(3:3))} | C21: =IF(B21=0,"",VLOOKUP(B21,بيانات!A:H,4,FALSE)) | D21: =IF(B21=0,"",VLOOKUP(B21,بيانات!A:H,5,FALSE)) | E21: =IF(B21=0,"",VLOOKUP(B21,بيانات!A:M,13,FALSE)) | F21: =IF(B21=0,"",VLOOKUP(B21,بيانات!A:H,6,FALSE)) | J21: =IF(I21=0,"",VLOOKUP(I21,ورقة1!A:B,2,FALSE)) | K21: =IF(B21=0,"",IF(VLOOKUP(B21,بيانات!A:L,12,FALSE)=0,"",VLOOKUP(B21,بيانات!A:L,12,FALSE)))
A22: {=IF(B22="","",ROW(4:4))} | C22: =IF(B22=0,"",VLOOKUP(B22,بيانات!A:H,4,FALSE)) | D22: =IF(B22=0,"",VLOOKUP(B22,بيانات!A:H,5,FALSE)) | E22: =IF(B22=0,"",VLOOKUP(B22,بيانات!A:M,13,FALSE)) | F22: =IF(B22=0,"",VLOOKUP(B22,بيانات!A:H,6,FALSE)) | J22: =IF(I22=0,"",VLOOKUP(I22,ورقة1!A:B,2,FALSE)) | K22: =IF(B22=0,"",IF(VLOOKUP(B22,بيانات!A:L,12,FALSE)=0,"",VLOOKUP(B22,بيانات!A:L,12,FALSE)))
A23: {=IF(B23="","",ROW(5:5))} | C23: =IF(B23=0,"",VLOOKUP(B23,بيانات!A:H,4,FALSE)) | D23: =IF(B23=0,"",VLOOKUP(B23,بيانات!A:H,5,FALSE)) | E23: =IF(B23=0,"",VLOOKUP(B23,بيانات!A:M,13,FALSE)) | F23: =IF(B23=0,"",VLOOKUP(B23,بيانات!A:H,6,FALSE)) | J23: =IF(I23=0,"",VLOOKUP(I23,ورقة1!A:B,2,FALSE)) | K23: =IF(B23=0,"",IF(VLOOKUP(B23,بيانات!A:L,12,FALSE)=0,"",VLOOKUP(B23,بيانات!A:L,12,FALSE)))
A24: {=IF(B24="","",ROW(6:6))} | C24: =IF(B24=0,"",VLOOKUP(B24,بيانات!A:H,4,FALSE)) | D24: =IF(B24=0,"",VLOOKUP(B24,بيانات!A:H,5,FALSE)) | E24: =IF(B24=0,"",VLOOKUP(B24,بيانات!A:M,13,FALSE)) | F24: =IF(B24=0,"",VLOOKUP(B24,بيانات!A:H,6,FALSE)) | J24: =IF(I24=0,"",VLOOKUP(I24,ورقة1!A:B,2,FALSE)) | K24: =IF(B24=0,"",IF(VLOOKUP(B24,بيانات!A:L,12,FALSE)=0,"",VLOOKUP(B24,بيانات!A:L,12,FALSE)))
A25: {=IF(B25="","",ROW(7:7))} | C25: =IF(B25=0,"",VLOOKUP(B25,بيانات!A:H,4,FALSE)) | D25: =IF(B25=0,"",VLOOKUP(B25,بيانات!A:H,5,FALSE)) | E25: =IF(B25=0,"",VLOOKUP(B25,بيانات!A:M,13,FALSE)) | F25: =IF(B25=0,"",VLOOKUP(B25,بيانات!A:H,6,FALSE)) | J25: =IF(I25=0,"",VLOOKUP(I25,ورقة1!A:B,2,FALSE)) | K25: =IF(B25=0,"",IF(VLOOKUP(B25,بيانات!A:L,12,FALSE)=0,"",VLOOKUP(B25,بيانات!A:L,12,FALSE)))
A26: {=IF(B26="","",ROW(8:8))} | C26: =IF(B26=0,"",VLOOKUP(B26,بيانات!A:H,4,FALSE)) | D26: =IF(B26=0,"",VLOOKUP(B26,بيانات!A:H,5,FALSE)) | E26: =IF(B26=0,"",VLOOKUP(B26,بيانات!A:M,13,FALSE)) | F26: =IF(B26=0,"",VLOOKUP(B26,بيانات!A:H,6,FALSE)) | J26: =IF(I26=0,"",VLOOKUP(I26,ورقة1!A:B,2,FALSE)) | K26: =IF(B26=0,"",IF(VLOOKUP(B26,بيانات!A:L,12,FALSE)=0,"",VLOOKUP(B26,بيانات!A:L,12,FALSE)))
A27: {=IF(B27="","",ROW(9:9))} | C27: =IF(B27=0,"",VLOOKUP(B27,بيانات!A:H,4,FALSE)) | D27: =IF(B27=0,"",VLOOKUP(B27,بيانات!A:H,5,FALSE)) | E27: =IF(B27=0,"",VLOOKUP(B27,بيانات!A:M,13,FALSE)) | F27: =IF(B27=0,"",VLOOKUP(B27,بيانات!A:H,6,FALSE)) | J27: =IF(I27=0,"",VLOOKUP(I27,ورقة1!A:B,2,FALSE)) | K27: =IF(B27=0,"",IF(VLOOKUP(B27,بيانات!A:L,12,FALSE)=0,"",VLOOKUP(B27,بيانات!A:L,12,FALSE)))
A28: {=IF(B28="","",ROW(10:10))} | C28: =IF(B28=0,"",VLOOKUP(B28,بيانات!A:H,4,FALSE)) | D28: =IF(B28=0,"",VLOOKUP(B28,بيانات!A:H,5,FALSE)) | E28: =IF(B28=0,"",VLOOKUP(B28,بيانات!A:M,13,FALSE)) | F28: =IF(B28=0,"",VLOOKUP(B28,بيانات!A:H,6,FALSE)) | J28: =IF(I28=0,"",VLOOKUP(I28,ورقة1!A:B,2,FALSE)) | K28: =IF(B28=0,"",IF(VLOOKUP(B28,بيانات!A:L,12,FALSE)=0,"",VLOOKUP(B28,بيانات!A:L,12,FALSE)))
A29: {=IF(B29="","",ROW(11:11))} | C29: =IF(B29=0,"",VLOOKUP(B29,بيانات!A:H,4,FALSE)) | D29: =IF(B29=0,"",VLOOKUP(B29,بيانات!A:H,5,FALSE)) | E29: =IF(B29=0,"",VLOOKUP(B29,بيانات!A:M,13,FALSE)) | F29: =IF(B29=0,"",VLOOKUP(B29,بيانات!A:H,6,FALSE)) | J29: =IF(I29=0,"",VLOOKUP(I29,ورقة1!A:B,2,FALSE)) | K29: =IF(B29=0,"",IF(VLOOKUP(B29,بيانات!A:L,12,FALSE)=0,"",VLOOKUP(B29,بيانات!A:L,12,FALSE)))
A30: {=IF(B30="","",ROW(12:12))} | C30: =IF(B30=0,"",VLOOKUP(B30,بيانات!A:H,4,FALSE)) | D30: =IF(B30=0,"",VLOOKUP(B30,بيانات!A:H,5,FALSE)) | E30: =IF(B30=0,"",VLOOKUP(B30,بيانات!A:M,13,FALSE)) | F30: =IF(B30=0,"",VLOOKUP(B30,بيانات!A:H,6,FALSE)) | J30: =IF(I30=0,"",VLOOKUP(I30,ورقة1!A:B,2,FALSE)) | K30: =IF(B30=0,"",IF(VLOOKUP(B30,بيانات!A:L,12,FALSE)=0,"",VLOOKUP(B30,بيانات!A:L,12,FALSE)))
A31: {=IF(B31="","",ROW(13:13))} | C31: =IF(B31=0,"",VLOOKUP(B31,بيانات!A:H,4,FALSE)) | D31: =IF(B31=0,"",VLOOKUP(B31,بيانات!A:H,5,FALSE)) | E31: =IF(B31=0,"",VLOOKUP(B31,بيانات!A:M,13,FALSE)) | F31: =IF(B31=0,"",VLOOKUP(B31,بيانات!A:H,6,FALSE)) | J31: =IF(I31=0,"",VLOOKUP(I31,ورقة1!A:B,2,FALSE)) | K31: =IF(B31=0,"",IF(VLOOKUP(B31,بيانات!A:L,12,FALSE)=0,"",VLOOKUP(B31,بيانات!A:L,12,FALSE)))
A32: {=IF(B32="","",ROW(14:14))} | C32: =IF(B32=0,"",VLOOKUP(B32,بيانات!A:H,4,FALSE)) | D32: =IF(B32=0,"",VLOOKUP(B32,بيانات!A:H,5,FALSE)) | E32: =IF(B32=0,"",VLOOKUP(B32,بيانات!A:M,13,FALSE)) | F32: =IF(B32=0,"",VLOOKUP(B32,بيانات!A:H,6,FALSE)) | J32: =IF(I32=0,"",VLOOKUP(I32,ورقة1!A:B,2,FALSE)) | K32: =IF(B32=0,"",IF(VLOOKUP(B32,بيانات!A:L,12,FALSE)=0,"",VLOOKUP(B32,بيانات!A:L,12,FALSE)))
A33: {=IF(B33="","",ROW(15:15))} | C33: =IF(B33=0,"",VLOOKUP(B33,بيانات!A:H,4,FALSE)) | D33: =IF(B33=0,"",VLOOKUP(B33,بيانات!A:H,5,FALSE)) | E33: =IF(B33=0,"",VLOOKUP(B33,بيانات!A:M,13,FALSE)) | F33: =IF(B33=0,"",VLOOKUP(B33,بيانات!A:H,6,FALSE)) | J33: =IF(I33=0,"",VLOOKUP(I33,ورقة1!A:B,2,FALSE)) | K33: =IF(B33=0,"",IF(VLOOKUP(B33,بيانات!A:L,12,FALSE)=0,"",VLOOKUP(B33,بيانات!A:L,12,FALSE)))
A34: {=IF(B34="","",ROW(16:16))} | C34: =IF(B34=0,"",VLOOKUP(B34,بيانات!A:H,4,FALSE)) | D34: =IF(B34=0,"",VLOOKUP(B34,بيانات!A:H,5,FALSE)) | E34: =IF(B34=0,"",VLOOKUP(B34,بيانات!A:M,13,FALSE)) | F34: =IF(B34=0,"",VLOOKUP(B34,بيانات!A:H,6,FALSE)) | J34: =IF(I34=0,"",VLOOKUP(I34,ورقة1!A:B,2,FALSE)) | K34: =IF(B34=0,"",IF(VLOOKUP(B34,بيانات!A:L,12,FALSE)=0,"",VLOOKUP(B34,بيانات!A:L,12,FALSE)))
A35: {=IF(B35="","",ROW(17:17))} | C35: =IF(B35=0,"",VLOOKUP(B35,بيانات!A:H,4,FALSE)) | D35: =IF(B35=0,"",VLOOKUP(B35,بيانات!A:H,5,FALSE)) | E35: =IF(B35=0,"",VLOOKUP(B35,بيانات!A:M,13,FALSE)) | F35: =IF(B35=0,"",VLOOKUP(B35,بيانات!A:H,6,FALSE)) | J35: =IF(I35=0,"",VLOOKUP(I35,ورقة1!A:B,2,FALSE)) | K35: =IF(B35=0,"",IF(VLOOKUP(B35,بيانات!A:L,12,FALSE)=0,"",VLOOKUP(B35,بيانات!A:L,12,FALSE)))
A36: {=IF(B36="","",ROW(18:18))} | C36: =IF(B36=0,"",VLOOKUP(B36,بيانات!A:H,4,FALSE)) | D36: =IF(B36=0,"",VLOOKUP(B36,بيانات!A:H,5,FALSE)) | E36: =IF(B36=0,"",VLOOKUP(B36,بيانات!A:M,13,FALSE)) | F36: =IF(B36=0,"",VLOOKUP(B36,بيانات!A:H,6,FALSE)) | J36: =IF(I36=0,"",VLOOKUP(I36,ورقة1!A:B,2,FALSE)) | K36: =IF(B36=0,"",IF(VLOOKUP(B36,بيانات!A:L,12,FALSE)=0,"",VLOOKUP(B36,بيانات!A:L,12,FALSE)))
A37: {=IF(B37="","",ROW(19:19))} | C37: =IF(B37=0,"",VLOOKUP(B37,بيانات!A:H,4,FALSE)) | D37: =IF(B37=0,"",VLOOKUP(B37,بيانات!A:H,5,FALSE)) | E37: =IF(B37=0,"",VLOOKUP(B37,بيانات!A:M,13,FALSE)) | F37: =IF(B37=0,"",VLOOKUP(B37,بيانات!A:H,6,FALSE)) | J37: =IF(I37=0,"",VLOOKUP(I37,ورقة1!A:B,2,FALSE)) | K37: =IF(B37=0,"",IF(VLOOKUP(B37,بيانات!A:L,12,FALSE)=0,"",VLOOKUP(B37,بيانات!A:L,12,FALSE)))
A38: {=IF(B38="","",ROW(20:20))} | C38: =IF(B38=0,"",VLOOKUP(B38,بيانات!A:H,4,FALSE)) | D38: =IF(B38=0,"",VLOOKUP(B38,بيانات!A:H,5,FALSE)) | E38: =IF(B38=0,"",VLOOKUP(B38,بيانات!A:M,13,FALSE)) | F38: =IF(B38=0,"",VLOOKUP(B38,بيانات!A:H,6,FALSE)) | J38: =IF(I38=0,"",VLOOKUP(I38,ورقة1!A:B,2,FALSE)) | K38: =IF(B38=0,"",IF(VLOOKUP(B38,بيانات!A:L,12,FALSE)=0,"",VLOOKUP(B38,بيانات!A:L,12,FALSE)))
A39: {=IF(B39="","",ROW(21:21))} | C39: =IF(B39=0,"",VLOOKUP(B39,بيانات!A:H,4,FALSE)) | D39: =IF(B39=0,"",VLOOKUP(B39,بيانات!A:H,5,FALSE)) | E39: =IF(B39=0,"",VLOOKUP(B39,بيانات!A:M,13,FALSE)) | F39: =IF(B39=0,"",VLOOKUP(B39,بيانات!A:H,6,FALSE)) | J39: =IF(I39=0,"",VLOOKUP(I39,ورقة1!A:B,2,FALSE)) | K39: =IF(B39=0,"",IF(VLOOKUP(B39,بيانات!A:L,12,FALSE)=0,"",VLOOKUP(B39,بيانات!A:L,12,FALSE)))
A40: {=IF(B40="","",ROW(22:22))} | C40: =IF(B40=0,"",VLOOKUP(B40,بيانات!A:H,4,FALSE)) | D40: =IF(B40=0,"",VLOOKUP(B40,بيانات!A:H,5,FALSE)) | E40: =IF(B40=0,"",VLOOKUP(B40,بيانات!A:M,13,FALSE)) | F40: =IF(B40=0,"",VLOOKUP(B40,بيانات!A:H,6,FALSE)) | J40: =IF(I40=0,"",VLOOKUP(I40,ورقة1!A:B,2,FALSE)) | K40: =IF(B40=0,"",IF(VLOOKUP(B40,بيانات!A:L,12,FALSE)=0,"",VLOOKUP(B40,بيانات!A:L,12,FALSE)))
A41: {=IF(B41="","",ROW(23:23))} | C41: =IF(B41=0,"",VLOOKUP(B41,بيانات!A:H,4,FALSE)) | D41: =IF(B41=0,"",VLOOKUP(B41,بيانات!A:H,5,FALSE)) | E41: =IF(B41=0,"",VLOOKUP(B41,بيانات!A:M,13,FALSE)) | F41: =IF(B41=0,"",VLOOKUP(B41,بيانات!A:H,6,FALSE)) | J41: =IF(I41=0,"",VLOOKUP(I41,ورقة1!A:B,2,FALSE)) | K41: =IF(B41=0,"",IF(VLOOKUP(B41,بيانات!A:L,12,FALSE)=0,"",VLOOKUP(B41,بيانات!A:L,12,FALSE)))
A42: {=IF(B42="","",ROW(24:24))} | C42: =IF(B42=0,"",VLOOKUP(B42,بيانات!A:H,4,FALSE)) | D42: =IF(B42=0,"",VLOOKUP(B42,بيانات!A:H,5,FALSE)) | E42: =IF(B42=0,"",VLOOKUP(B42,بيانات!A:M,13,FALSE)) | F42: =IF(B42=0,"",VLOOKUP(B42,بيانات!A:H,6,FALSE)) | J42: =IF(I42=0,"",VLOOKUP(I42,ورقة1!A:B,2,FALSE)) | K42: =IF(B42=0,"",IF(VLOOKUP(B42,بيانات!A:L,12,FALSE)=0,"",VLOOKUP(B42,بيانات!A:L,12,FALSE)))
A44: رئيـس | B44: قسم الرقابة | C44: الموارد | D44: البشرية مدير فرع مكتب التربية | E44: مدير فـرع الخدمة المدنية | G44: رئيس المجلس المحلي
A46: طـارق | B46: الاديمــــــي | C46: رشيد | D46: القدسي عدنان علوان الشرجبي | E46: عـــــاصــــم الاديمي | G46: عبدالعزيز ردمان الشيباني
A49: {=IF(B49="","",ROW(25:25))} | C49: =IF(B49=0,"",VLOOKUP(B49,بيانات!A:H,4,FALSE)) | D49: =IF(B49=0,"",VLOOKUP(B49,بيانات!A:H,5,FALSE)) | E49: =IF(B49=0,"",VLOOKUP(B49,بيانات!A:M,13,FALSE)) | F49: =IF(B49=0,"",VLOOKUP(B49,بيانات!A:H,6,FALSE)) | J49: =IF(I49=0,"",VLOOKUP(I49,ورقة1!A:B,2,FALSE)) | K49: =IF(B49=0,"",IF(VLOOKUP(B49,بيانات!A:L,12,FALSE)=0,"",VLOOKUP(B49,بيانات!A:L,12,FALSE))) | L49: نموذج الغياب الموحد - 2 ( أغسطس 2024 )
A50: {=IF(B50="","",ROW(26:26))} | C50: =IF(B50=0,"",VLOOKUP(B50,بيانات!A:H,4,FALSE)) | D50: =IF(B50=0,"",VLOOKUP(B50,بيانات!A:H,5,FALSE)) | E50: =IF(B50=0,"",VLOOKUP(B50,بيانات!A:M,13,FALSE)) | F50: =IF(B50=0,"",VLOOKUP(B50,بيانات!A:H,6,FALSE)) | J50: =IF(I50=0,"",VLOOKUP(I50,ورقة1!A:B,2,FALSE)) | K50: =IF(B50=0,"",IF(VLOOKUP(B50,بيانات!A:L,12,FALSE)=0,"",VLOOKUP(B50,بيانات!A:L,12,FALSE)))
A51: {=IF(B51="","",ROW(27:27))} | C51: =IF(B51=0,"",VLOOKUP(B51,بيانات!A:H,4,FALSE)) | D51: =IF(B51=0,"",VLOOKUP(B51,بيانات!A:H,5,FALSE)) | E51: =IF(B51=0,"",VLOOKUP(B51,بيانات!A:M,13,FALSE)) | F51: =IF(B51=0,"",VLOOKUP(B51,بيانات!A:H,6,FALSE)) | J51: =IF(I51=0,"",VLOOKUP(I51,ورقة1!A:B,2,FALSE)) | K51: =IF(B51=0,"",IF(VLOOKUP(B51,بيانات!A:L,12,FALSE)=0,"",VLOOKUP(B51,بيانات!A:L,12,FALSE)))
A52: {=IF(B52="","",ROW(28:28))} | C52: =IF(B52=0,"",VLOOKUP(B52,بيانات!A:H,4,FALSE)) | D52: =IF(B52=0,"",VLOOKUP(B52,بيانات!A:H,5,FALSE)) | E52: =IF(B52=0,"",VLOOKUP(B52,بيانات!A:M,13,FALSE)) | F52: =IF(B52=0,"",VLOOKUP(B52,بيانات!A:H,6,FALSE)) | J52: =IF(I52=0,"",VLOOKUP(I52,ورقة1!A:B,2,FALSE)) | K52: =IF(B52=0,"",IF(VLOOKUP(B52,بيانات!A:L,12,FALSE)=0,"",VLOOKUP(B52,بيانات!A:L,12,FALSE)))
A53: {=IF(B53="","",ROW(29:29))} | C53: =IF(B53=0,"",VLOOKUP(B53,بيانات!A:H,4,FALSE)) | D53: =IF(B53=0,"",VLOOKUP(B53,بيانات!A:H,5,FALSE)) | E53: =IF(B53=0,"",VLOOKUP(B53,بيانات!A:M,13,FALSE)) | F53: =IF(B53=0,"",VLOOKUP(B53,بيانات!A:H,6,FALSE)) | J53: =IF(I53=0,"",VLOOKUP(I53,ورقة1!A:B,2,FALSE)) | K53: =IF(B53=0,"",IF(VLOOKUP(B53,بيانات!A:L,12,FALSE)=0,"",VLOOKUP(B53,بيانات!A:L,12,FALSE)))
A54: {=IF(B54="","",ROW(30:30))} | C54: =IF(B54=0,"",VLOOKUP(B54,بيانات!A:H,4,FALSE)) | D54: =IF(B54=0,"",VLOOKUP(B54,بيانات!A:H,5,FALSE)) | E54: =IF(B54=0,"",VLOOKUP(B54,بيانات!A:M,13,FALSE)) | F54: =IF(B54=0,"",VLOOKUP(B54,بيانات!A:H,6,FALSE)) | J54: =IF(I54=0,"",VLOOKUP(I54,ورقة1!A:B,2,FALSE)) | K54: =IF(B54=0,"",IF(VLOOKUP(B54,بيانات!A:L,12,FALSE)=0,"",VLOOKUP(B54,بيانات!A:L,12,FALSE)))
A55: {=IF(B55="","",ROW(31:31))} | C55: =IF(B55=0,"",VLOOKUP(B55,بيانات!A:H,4,FALSE)) | D55: =IF(B55=0,"",VLOOKUP(B55,بيانات!A:H,5,FALSE)) | E55: =IF(B55=0,"",VLOOKUP(B55,بيانات!A:M,13,FALSE)) | F55: =IF(B55=0,"",VLOOKUP(B55,بيانات!A:H,6,FALSE)) | J55: =IF(I55=0,"",VLOOKUP(I55,ورقة1!A:B,2,FALSE)) | K55: =IF(B55=0,"",IF(VLOOKUP(B55,بيانات!A:L,12,FALSE)=0,"",VLOOKUP(B55,بيانات!A:L,12,FALSE)))
A56: {=IF(B56="","",ROW(32:32))} | C56: =IF(B56=0,"",VLOOKUP(B56,بيانات!A:H,4,FALSE)) | D56: =IF(B56=0,"",VLOOKUP(B56,بيانات!A:H,5,FALSE)) | E56: =IF(B56=0,"",VLOOKUP(B56,بيانات!A:M,13,FALSE)) | F56: =IF(B56=0,"",VLOOKUP(B56,بيانات!A:H,6,FALSE)) | J56: =IF(I56=0,"",VLOOKUP(I56,ورقة1!A:B,2,FALSE)) | K56: =IF(B56=0,"",IF(VLOOKUP(B56,بيانات!A:L,12,FALSE)=0,"",VLOOKUP(B56,بيانات!A:L,12,FALSE)))
A57: {=IF(B57="","",ROW(33:33))} | C57: =IF(B57=0,"",VLOOKUP(B57,بيانات!A:H,4,FALSE)) | D57: =IF(B57=0,"",VLOOKUP(B57,بيانات!A:H,5,FALSE)) | E57: =IF(B57=0,"",VLOOKUP(B57,بيانات!A:M,13,FALSE)) | F57: =IF(B57=0,"",VLOOKUP(B57,بيانات!A:H,6,FALSE)) | J57: =IF(I57=0,"",VLOOKUP(I57,ورقة1!A:B,2,FALSE)) | K57: =IF(B57=0,"",IF(VLOOKUP(B57,بيانات!A:L,12,FALSE)=0,"",VLOOKUP(B57,بيانات!A:L,12,FALSE)))
A58: {=IF(B58="","",ROW(34:34))} | C58: =IF(B58=0,"",VLOOKUP(B58,بيانات!A:H,4,FALSE)) | D58: =IF(B58=0,"",VLOOKUP(B58,بيانات!A:H,5,FALSE)) | E58: =IF(B58=0,"",VLOOKUP(B58,بيانات!A:M,13,FALSE)) | F58: =IF(B58=0,"",VLOOKUP(B58,بيانات!A:H,6,FALSE)) | J58: =IF(I58=0,"",VLOOKUP(I58,ورقة1!A:B,2,FALSE)) | K58: =IF(B58=0,"",IF(VLOOKUP(B58,بيانات!A:L,12,FALSE)=0,"",VLOOKUP(B58,بيانات!A:L,12,FALSE)))
A59: {=IF(B59="","",ROW(35:35))} | C59: =IF(B59=0,"",VLOOKUP(B59,بيانات!A:H,4,FALSE)) | D59: =IF(B59=0,"",VLOOKUP(B59,بيانات!A:H,5,FALSE)) | E59: =IF(B59=0,"",VLOOKUP(B59,بيانات!A:M,13,FALSE)) | F59: =IF(B59=0,"",VLOOKUP(B59,بيانات!A:H,6,FALSE)) | J59: =IF(I59=0,"",VLOOKUP(I59,ورقة1!A:B,2,FALSE)) | K59: =IF(B59=0,"",IF(VLOOKUP(B59,بيانات!A:L,12,FALSE)=0,"",VLOOKUP(B59,بيانات!A:L,12,FALSE)))
A60: {=IF(B60="","",ROW(36:36))} | C60: =IF(B60=0,"",VLOOKUP(B60,بيانات!A:H,4,FALSE)) | D60: =IF(B60=0,"",VLOOKUP(B60,بيانات!A:H,5,FALSE)) | E60: =IF(B60=0,"",VLOOKUP(B60,بيانات!A:M,13,FALSE)) | F60: =IF(B60=0,"",VLOOKUP(B60,بيانات!A:H,6,FALSE)) | J60: =IF(I60=0,"",VLOOKUP(I60,ورقة1!A:B,2,FALSE)) | K60: =IF(B60=0,"",IF(VLOOKUP(B60,بيانات!A:L,12,FALSE)=0,"",VLOOKUP(B60,بيانات!A:L,12,FALSE)))
A61: {=IF(B61="","",ROW(37:37))} | C61: =IF(B61=0,"",VLOOKUP(B61,بيانات!A:H,4,FALSE)) | D61: =IF(B61=0,"",VLOOKUP(B61,بيانات!A:H,5,FALSE)) | E61: =IF(B61=0,"",VLOOKUP(B61,بيانات!A:M,13,FALSE)) | F61: =IF(B61=0,"",VLOOKUP(B61,بيانات!A:H,6,FALSE)) | J61: =IF(I61=0,"",VLOOKUP(I61,ورقة1!A:B,2,FALSE)) | K61: =IF(B61=0,"",IF(VLOOKUP(B61,بيانات!A:L,12,FALSE)=0,"",VLOOKUP(B61,بيانات!A:L,12,FALSE)))
A62: {=IF(B62="","",ROW(38:38))} | C62: =IF(B62=0,"",VLOOKUP(B62,بيانات!A:H,4,FALSE)) | D62: =IF(B62=0,"",VLOOKUP(B62,بيانات!A:H,5,FALSE)) | E62: =IF(B62=0,"",VLOOKUP(B62,بيانات!A:M,13,FALSE)) | F62: =IF(B62=0,"",VLOOKUP(B62,بيانات!A:H,6,FALSE)) | J62: =IF(I62=0,"",VLOOKUP(I62,ورقة1!A:B,2,FALSE)) | K62: =IF(B62=0,"",IF(VLOOKUP(B62,بيانات!A:L,12,FALSE)=0,"",VLOOKUP(B62,بيانات!A:L,12,FALSE)))
A63: {=IF(B63="","",ROW(39:39))} | C63: =IF(B63=0,"",VLOOKUP(B63,بيانات!A:H,4,FALSE)) | D63: =IF(B63=0,"",VLOOKUP(B63,بيانات!A:H,5,FALSE)) | E63: =IF(B63=0,"",VLOOKUP(B63,بيانات!A:M,13,FALSE)) | F63: =IF(B63=0,"",VLOOKUP(B63,بيانات!A:H,6,FALSE)) | J63: =IF(I63=0,"",VLOOKUP(I63,ورقة1!A:B,2,FALSE)) | K63: =IF(B63=0,"",IF(VLOOKUP(B63,بيانات!A:L,12,FALSE)=0,"",VLOOKUP(B63,بيانات!A:L,12,FALSE)))
A64: {=IF(B64="","",ROW(40:40))} | C64: =IF(B64=0,"",VLOOKUP(B64,بيانات!A:H,4,FALSE)) | D64: =IF(B64=0,"",VLOOKUP(B64,بيانات!A:H,5,FALSE)) | E64: =IF(B64=0,"",VLOOKUP(B64,بيانات!A:M,13,FALSE)) | F64: =IF(B64=0,"",VLOOKUP(B64,بيانات!A:H,6,FALSE)) | J64: =IF(I64=0,"",VLOOKUP(I64,ورقة1!A:B,2,FALSE)) | K64: =IF(B64=0,"",IF(VLOOKUP(B64,بيانات!A:L,12,FALSE)=0,"",VLOOKUP(B64,بيانات!A:L,12,FALSE)))
A65: {=IF(B65="","",ROW(41:41))} | C65: =IF(B65=0,"",VLOOKUP(B65,بيانات!A:H,4,FALSE)) | D65: =IF(B65=0,"",VLOOKUP(B65,بيانات!A:H,5,FALSE)) | E65: =IF(B65=0,"",VLOOKUP(B65,بيانات!A:M,13,FALSE)) | F65: =IF(B65=0,"",VLOOKUP(B65,بيانات!A:H,6,FALSE)) | J65: =IF(I65=0,"",VLOOKUP(I65,ورقة1!A:B,2,FALSE)) | K65: =IF(B65=0,"",IF(VLOOKUP(B65,بيانات!A:L,12,FALSE)=0,"",VLOOKUP(B65,بيانات!A:L,12,FALSE)))
A66: {=IF(B66="","",ROW(42:42))} | C66: =IF(B66=0,"",VLOOKUP(B66,بيانات!A:H,4,FALSE)) | D66: =IF(B66=0,"",VLOOKUP(B66,بيانات!A:H,5,FALSE)) | E66: =IF(B66=0,"",VLOOKUP(B66,بيانات!A:M,13,FALSE)) | F66: =IF(B66=0,"",VLOOKUP(B66,بيانات!A:H,6,FALSE)) | J66: =IF(I66=0,"",VLOOKUP(I66,ورقة1!A:B,2,FALSE)) | K66: =IF(B66=0,"",IF(VLOOKUP(B66,بيانات!A:L,12,FALSE)=0,"",VLOOKUP(B66,بيانات!A:L,12,FALSE)))
A67: {=IF(B67="","",ROW(49:49))} | C67: =IF(B67=0,"",VLOOKUP(B67,بيانات!A:H,4,FALSE)) | D67: =IF(B67=0,"",VLOOKUP(B67,بيانات!A:H,5,FALSE)) | E67: =IF(B67=0,"",VLOOKUP(B67,بيانات!A:M,13,FALSE)) | F67: =IF(B67=0,"",VLOOKUP(B67,بيانات!A:H,6,FALSE)) | J67: =IF(I67=0,"",VLOOKUP(I67,ورقة1!A:B,2,FALSE)) | K67: =IF(B67=0,"",IF(VLOOKUP(B67,بيانات!A:L,12,FALSE)=0,"",VLOOKUP(B67,بيانات!A:L,12,FALSE)))
A68: {=IF(B68="","",ROW(50:50))} | C68: =IF(B68=0,"",VLOOKUP(B68,بيانات!A:H,4,FALSE)) | D68: =IF(B68=0,"",VLOOKUP(B68,بيانات!A:H,5,FALSE)) | E68: =IF(B68=0,"",VLOOKUP(B68,بيانات!A:M,13,FALSE)) | F68: =IF(B68=0,"",VLOOKUP(B68,بيانات!A:H,6,FALSE)) | J68: =IF(I68=0,"",VLOOKUP(I68,ورقة1!A:B,2,FALSE)) | K68: =IF(B68=0,"",IF(VLOOKUP(B68,بيانات!A:L,12,FALSE)=0,"",VLOOKUP(B68,بيانات!A:L,12,FALSE)))
A69: {=IF(B69="","",ROW(51:51))} | C69: =IF(B69=0,"",VLOOKUP(B69,بيانات!A:H,4,FALSE)) | D69: =IF(B69=0,"",VLOOKUP(B69,بيانات!A:H,5,FALSE)) | E69: =IF(B69=0,"",VLOOKUP(B69,بيانات!A:M,13,FALSE)) | F69: =IF(B69=0,"",VLOOKUP(B69,بيانات!A:H,6,FALSE)) | J69: =IF(I69=0,"",VLOOKUP(I69,ورقة1!A:B,2,FALSE)) | K69: =IF(B69=0,"",IF(VLOOKUP(B69,بيانات!A:L,12,FALSE)=0,"",VLOOKUP(B69,بيانات!A:L,12,FALSE)))
A70: {=IF(B70="","",ROW(52:52))} | C70: =IF(B70=0,"",VLOOKUP(B70,بيانات!A:H,4,FALSE)) | D70: =IF(B70=0,"",VLOOKUP(B70,بيانات!A:H,5,FALSE)) | E70: =IF(B70=0,"",VLOOKUP(B70,بيانات!A:M,13,FALSE)) | F70: =IF(B70=0,"",VLOOKUP(B70,بيانات!A:H,6,FALSE)) | J70: =IF(I70=0,"",VLOOKUP(I70,ورقة1!A:B,2,FALSE)) | K70: =IF(B70=0,"",IF(VLOOKUP(B70,بيانات!A:L,12,FALSE)=0,"",VLOOKUP(B70,بيانات!A:L,12,FALSE)))
A71: {=IF(B71="","",ROW(53:53))} | C71: =IF(B71=0,"",VLOOKUP(B71,بيانات!A:H,4,FALSE)) | D71: =IF(B71=0,"",VLOOKUP(B71,بيانات!A:H,5,FALSE)) | E71: =IF(B71=0,"",VLOOKUP(B71,بيانات!A:M,13,FALSE)) | F71: =IF(B71=0,"",VLOOKUP(B71,بيانات!A:H,6,FALSE)) | J71: =IF(I71=0,"",VLOOKUP(I71,ورقة1!A:B,2,FALSE)) | K71: =IF(B71=0,"",IF(VLOOKUP(B71,بيانات!A:L,12,FALSE)=0,"",VLOOKUP(B71,بيانات!A:L,12,FALSE)))
A72: {=IF(B72="","",ROW(54:54))} | C72: =IF(B72=0,"",VLOOKUP(B72,بيانات!A:H,4,FALSE)) | D72: =IF(B72=0,"",VLOOKUP(B72,بيانات!A:H,5,FALSE)) | E72: =IF(B72=0,"",VLOOKUP(B72,بيانات!A:M,13,FALSE)) | F72: =IF(B72=0,"",VLOOKUP(B72,بيانات!A:H,6,FALSE)) | J72: =IF(I72=0,"",VLOOKUP(I72,ورقة1!A:B,2,FALSE)) | K72: =IF(B72=0,"",IF(VLOOKUP(B72,بيانات!A:L,12,FALSE)=0,"",VLOOKUP(B72,بيانات!A:L,12,FALSE)))
A79: {=IF(B79="","",ROW(55:55))} | C79: =IF(B79=0,"",VLOOKUP(B79,بيانات!A:H,4,FALSE)) | D79: =IF(B79=0,"",VLOOKUP(B79,بيانات!A:H,5,FALSE)) | E79: =IF(B79=0,"",VLOOKUP(B79,بيانات!A:M,13,FALSE)) | F79: =IF(B79=0,"",VLOOKUP(B79,بيانات!A:H,6,FALSE)) | J79: =IF(I79=0,"",VLOOKUP(I79,ورقة1!A:B,2,FALSE)) | K79: =IF(B79=0,"",IF(VLOOKUP(B79,بيانات!A:L,12,FALSE)=0,"",VLOOKUP(B79,بيانات!A:L,12,FALSE))) | L79: نموذج الغياب الموحد - 2 ( أغسطس 2024 )
A80: {=IF(B80="","",ROW(56:56))} | C80: =IF(B80=0,"",VLOOKUP(B80,بيانات!A:H,4,FALSE)) | D80: =IF(B80=0,"",VLOOKUP(B80,بيانات!A:H,5,FALSE)) | E80: =IF(B80=0,"",VLOOKUP(B80,بيانات!A:M,13,FALSE)) | F80: =IF(B80=0,"",VLOOKUP(B80,بيانات!A:H,6,FALSE)) | J80: =IF(I80=0,"",VLOOKUP(I80,ورقة1!A:B,2,FALSE)) | K80: =IF(B80=0,"",IF(VLOOKUP(B80,بيانات!A:L,12,FALSE)=0,"",VLOOKUP(B80,بيانات!A:L,12,FALSE)))
A81: {=IF(B81="","",ROW(57:57))} | C81: =IF(B81=0,"",VLOOKUP(B81,بيانات!A:H,4,FALSE)) | D81: =IF(B81=0,"",VLOOKUP(B81,بيانات!A:H,5,FALSE)) | E81: =IF(B81=0,"",VLOOKUP(B81,بيانات!A:M,13,FALSE)) | F81: =IF(B81=0,"",VLOOKUP(B81,بيانات!A:H,6,FALSE)) | J81: =IF(I81=0,"",VLOOKUP(I81,ورقة1!A:B,2,FALSE)) | K81: =IF(B81=0,"",IF(VLOOKUP(B81,بيانات!A:L,12,FALSE)=0,"",VLOOKUP(B81,بيانات!A:L,12,FALSE)))
A82: {=IF(B82="","",ROW(58:58))} | C82: =IF(B82=0,"",VLOOKUP(B82,بيانات!A:H,4,FALSE)) | D82: =IF(B82=0,"",VLOOKUP(B82,بيانات!A:H,5,FALSE)) | E82: =IF(B82=0,"",VLOOKUP(B82,بيانات!A:M,13,FALSE)) | F82: =IF(B82=0,"",VLOOKUP(B82,بيانات!A:H,6,FALSE)) | J82: =IF(I82=0,"",VLOOKUP(I82,ورقة1!A:B,2,FALSE)) | K82: =IF(B82=0,"",IF(VLOOKUP(B82,بيانات!A:L,12,FALSE)=0,"",VLOOKUP(B82,بيانات!A:L,12,FALSE)))
A83: {=IF(B83="","",ROW(59:59))} | C83: =IF(B83=0,"",VLOOKUP(B83,بيانات!A:H,4,FALSE)) | D83: =IF(B83=0,"",VLOOKUP(B83,بيانات!A:H,5,FALSE)) | E83: =IF(B83=0,"",VLOOKUP(B83,بيانات!A:M,13,FALSE)) | F83: =IF(B83=0,"",VLOOKUP(B83,بيانات!A:H,6,FALSE)) | J83: =IF(I83=0,"",VLOOKUP(I83,ورقة1!A:B,2,FALSE)) | K83: =IF(B83=0,"",IF(VLOOKUP(B83,بيانات!A:L,12,FALSE)=0,"",VLOOKUP(B83,بيانات!A:L,12,FALSE)))
A84: {=IF(B84="","",ROW(60:60))} | C84: =IF(B84=0,"",VLOOKUP(B84,بيانات!A:H,4,FALSE)) | D84: =IF(B84=0,"",VLOOKUP(B84,بيانات!A:H,5,FALSE)) | E84: =IF(B84=0,"",VLOOKUP(B84,بيانات!A:M,13,FALSE)) | F84: =IF(B84=0,"",VLOOKUP(B84,بيانات!A:H,6,FALSE)) | J84: =IF(I84=0,"",VLOOKUP(I84,ورقة1!A:B,2,FALSE)) | K84: =IF(B84=0,"",IF(VLOOKUP(B84,بيانات!A:L,12,FALSE)=0,"",VLOOKUP(B84,بيانات!A:L,12,FALSE)))
A85: {=IF(B85="","",ROW(61:61))} | C85: =IF(B85=0,"",VLOOKUP(B85,بيانات!A:H,4,FALSE)) | D85: =IF(B85=0,"",VLOOKUP(B85,بيانات!A:H,5,FALSE)) | E85: =IF(B85=0,"",VLOOKUP(B85,بيانات!A:M,13,FALSE)) | F85: =IF(B85=0,"",VLOOKUP(B85,بيانات!A:H,6,FALSE)) | J85: =IF(I85=0,"",VLOOKUP(I85,ورقة1!A:B,2,FALSE)) | K85: =IF(B85=0,"",IF(VLOOKUP(B85,بيانات!A:L,12,FALSE)=0,"",VLOOKUP(B85,بيانات!A:L,12,FALSE)))
A86: {=IF(B86="","",ROW(62:62))} | C86: =IF(B86=0,"",VLOOKUP(B86,بيانات!A:H,4,FALSE)) | D86: =IF(B86=0,"",VLOOKUP(B86,بيانات!A:H,5,FALSE)) | E86: =IF(B86=0,"",VLOOKUP(B86,بيانات!A:M,13,FALSE)) | F86: =IF(B86=0,"",VLOOKUP(B86,بيانات!A:H,6,FALSE)) | J86: =IF(I86=0,"",VLOOKUP(I86,ورقة1!A:B,2,FALSE)) | K86: =IF(B86=0,"",IF(VLOOKUP(B86,بيانات!A:L,12,FALSE)=0,"",VLOOKUP(B86,بيانات!A:L,12,FALSE)))
A87: {=IF(B87="","",ROW(63:63))} | C87: =IF(B87=0,"",VLOOKUP(B87,بيانات!A:H,4,FALSE)) | D87: =IF(B87=0,"",VLOOKUP(B87,بيانات!A:H,5,FALSE)) | E87: =IF(B87=0,"",VLOOKUP(B87,بيانات!A:M,13,FALSE)) | F87: =IF(B87=0,"",VLOOKUP(B87,بيانات!A:H,6,FALSE)) | J87: =IF(I87=0,"",VLOOKUP(I87,ورقة1!A:B,2,FALSE)) | K87: =IF(B87=0,"",IF(VLOOKUP(B87,بيانات!A:L,12,FALSE)=0,"",VLOOKUP(B87,بيانات!A:L,12,FALSE)))
A88: {=IF(B88="","",ROW(64:64))} | C88: =IF(B88=0,"",VLOOKUP(B88,بيانات!A:H,4,FALSE)) | D88: =IF(B88=0,"",VLOOKUP(B88,بيانات!A:H,5,FALSE)) | E88: =IF(B88=0,"",VLOOKUP(B88,بيانات!A:M,13,FALSE)) | F88: =IF(B88=0,"",VLOOKUP(B88,بيانات!A:H,6,FALSE)) | J88: =IF(I88=0,"",VLOOKUP(I88,ورقة1!A:B,2,FALSE)) | K88: =IF(B88=0,"",IF(VLOOKUP(B88,بيانات!A:L,12,FALSE)=0,"",VLOOKUP(B88,بيانات!A:L,12,FALSE)))
A89: {=IF(B89="","",ROW(65:65))} | C89: =IF(B89=0,"",VLOOKUP(B89,بيانات!A:H,4,FALSE)) | D89: =IF(B89=0,"",VLOOKUP(B89,بيانات!A:H,5,FALSE)) | E89: =IF(B89=0,"",VLOOKUP(B89,بيانات!A:M,13,FALSE)) | F89: =IF(B89=0,"",VLOOKUP(B89,بيانات!A:H,6,FALSE)) | J89: =IF(I89=0,"",VLOOKUP(I89,ورقة1!A:B,2,FALSE)) | K89: =IF(B89=0,"",IF(VLOOKUP(B89,بيانات!A:L,12,FALSE)=0,"",VLOOKUP(B89,بيانات!A:L,12,FALSE)))
A90: {=IF(B90="","",ROW(66:66))} | C90: =IF(B90=0,"",VLOOKUP(B90,بيانات!A:H,4,FALSE)) | D90: =IF(B90=0,"",VLOOKUP(B90,بيانات!A:H,5,FALSE)) | E90: =IF(B90=0,"",VLOOKUP(B90,بيانات!A:M,13,FALSE)) | F90: =IF(B90=0,"",VLOOKUP(B90,بيانات!A:H,6,FALSE)) | J90: =IF(I90=0,"",VLOOKUP(I90,ورقة1!A:B,2,FALSE)) | K90: =IF(B90=0,"",IF(VLOOKUP(B90,بيانات!A:L,12,FALSE)=0,"",VLOOKUP(B90,بيانات!A:L,12,FALSE)))
A91: {=IF(B91="","",ROW(67:67))} | C91: =IF(B91=0,"",VLOOKUP(B91,بيانات!A:H,4,FALSE)) | D91: =IF(B91=0,"",VLOOKUP(B91,بيانات!A:H,5,FALSE)) | E91: =IF(B91=0,"",VLOOKUP(B91,بيانات!A:M,13,FALSE)) | F91: =IF(B91=0,"",VLOOKUP(B91,بيانات!A:H,6,FALSE)) | J91: =IF(I91=0,"",VLOOKUP(I91,ورقة1!A:B,2,FALSE)) | K91: =IF(B91=0,"",IF(VLOOKUP(B91,بيانات!A:L,12,FALSE)=0,"",VLOOKUP(B91,بيانات!A:L,12,FALSE)))
A92: {=IF(B92="","",ROW(68:68))} | C92: =IF(B92=0,"",VLOOKUP(B92,بيانات!A:H,4,FALSE)) | D92: =IF(B92=0,"",VLOOKUP(B92,بيانات!A:H,5,FALSE)) | E92: =IF(B92=0,"",VLOOKUP(B92,بيانات!A:M,13,FALSE)) | F92: =IF(B92=0,"",VLOOKUP(B92,بيانات!A:H,6,FALSE)) | J92: =IF(I92=0,"",VLOOKUP(I92,ورقة1!A:B,2,FALSE)) | K92: =IF(B92=0,"",IF(VLOOKUP(B92,بيانات!A:L,12,FALSE)=0,"",VLOOKUP(B92,بيانات!A:L,12,FALSE)))
A93: {=IF(B93="","",ROW(69:69))} | C93: =IF(B93=0,"",VLOOKUP(B93,بيانات!A:H,4,FALSE)) | D93: =IF(B93=0,"",VLOOKUP(B93,بيانات!A:H,5,FALSE)) | E93: =IF(B93=0,"",VLOOKUP(B93,بيانات!A:M,13,FALSE)) | F93: =IF(B93=0,"",VLOOKUP(B93,بيانات!A:H,6,FALSE)) | J93: =IF(I93=0,"",VLOOKUP(I93,ورقة1!A:B,2,FALSE)) | K93: =IF(B93=0,"",IF(VLOOKUP(B93,بيانات!A:L,12,FALSE)=0,"",VLOOKUP(B93,بيانات!A:L,12,FALSE)))
A94: {=IF(B94="","",ROW(70:70))} | C94: =IF(B94=0,"",VLOOKUP(B94,بيانات!A:H,4,FALSE)) | D94: =IF(B94=0,"",VLOOKUP(B94,بيانات!A:H,5,FALSE)) | E94: =IF(B94=0,"",VLOOKUP(B94,بيانات!A:M,13,FALSE)) | F94: =IF(B94=0,"",VLOOKUP(B94,بيانات!A:H,6,FALSE)) | J94: =IF(I94=0,"",VLOOKUP(I94,ورقة1!A:B,2,FALSE)) | K94: =IF(B94=0,"",IF(VLOOKUP(B94,بيانات!A:L,12,FALSE)=0,"",VLOOKUP(B94,بيانات!A:L,12,FALSE)))
A95: {=IF(B95="","",ROW(71:71))} | C95: =IF(B95=0,"",VLOOKUP(B95,بيانات!A:H,4,FALSE)) | D95: =IF(B95=0,"",VLOOKUP(B95,بيانات!A:H,5,FALSE)) | E95: =IF(B95=0,"",VLOOKUP(B95,بيانات!A:M,13,FALSE)) | F95: =IF(B95=0,"",VLOOKUP(B95,بيانات!A:H,6,FALSE)) | J95: =IF(I95=0,"",VLOOKUP(I95,ورقة1!A:B,2,FALSE)) | K95: =IF(B95=0,"",IF(VLOOKUP(B95,بيانات!A:L,12,FALSE)=0,"",VLOOKUP(B95,بيانات!A:L,12,FALSE)))
A96: {=IF(B96="","",ROW(72:72))} | C96: =IF(B96=0,"",VLOOKUP(B96,بيانات!A:H,4,FALSE)) | D96: =IF(B96=0,"",VLOOKUP(B96,بيانات!A:H,5,FALSE)) | E96: =IF(B96=0,"",VLOOKUP(B96,بيانات!A:M,13,FALSE)) | F96: =IF(B96=0,"",VLOOKUP(B96,بيانات!A:H,6,FALSE)) | J96: =IF(I96=0,"",VLOOKUP(I96,ورقة1!A:B,2,FALSE)) | K96: =IF(B96=0,"",IF(VLOOKUP(B96,بيانات!A:L,12,FALSE)=0,"",VLOOKUP(B96,بيانات!A:L,12,FALSE)))
A97: {=IF(B97="","",ROW(79:79))} | C97: =IF(B97=0,"",VLOOKUP(B97,بيانات!A:H,4,FALSE)) | D97: =IF(B97=0,"",VLOOKUP(B97,بيانات!A:H,5,FALSE)) | E97: =IF(B97=0,"",VLOOKUP(B97,بيانات!A:M,13,FALSE)) | F97: =IF(B97=0,"",VLOOKUP(B97,بيانات!A:H,6,FALSE)) | J97: =IF(I97=0,"",VLOOKUP(I97,ورقة1!A:B,2,FALSE)) | K97: =IF(B97=0,"",IF(VLOOKUP(B97,بيانات!A:L,12,FALSE)=0,"",VLOOKUP(B97,بيانات!A:L,12,FALSE)))
A98: {=IF(B98="","",ROW(80:80))} | C98: =IF(B98=0,"",VLOOKUP(B98,بيانات!A:H,4,FALSE)) | D98: =IF(B98=0,"",VLOOKUP(B98,بيانات!A:H,5,FALSE)) | E98: =IF(B98=0,"",VLOOKUP(B98,بيانات!A:M,13,FALSE)) | F98: =IF(B98=0,"",VLOOKUP(B98,بيانات!A:H,6,FALSE)) | J98: =IF(I98=0,"",VLOOKUP(I98,ورقة1!A:B,2,FALSE)) | K98: =IF(B98=0,"",IF(VLOOKUP(B98,بيانات!A:L,12,FALSE)=0,"",VLOOKUP(B98,بيانات!A:L,12,FALSE)))
A99: {=IF(B99="","",ROW(81:81))} | C99: =IF(B99=0,"",VLOOKUP(B99,بيانات!A:H,4,FALSE)) | D99: =IF(B99=0,"",VLOOKUP(B99,بيانات!A:H,5,FALSE)) | E99: =IF(B99=0,"",VLOOKUP(B99,بيانات!A:M,13,FALSE)) | F99: =IF(B99=0,"",VLOOKUP(B99,بيانات!A:H,6,FALSE)) | J99: =IF(I99=0,"",VLOOKUP(I99,ورقة1!A:B,2,FALSE)) | K99: =IF(B99=0,"",IF(VLOOKUP(B99,بيانات!A:L,12,FALSE)=0,"",VLOOKUP(B99,بيانات!A:L,12,FALSE)))
A100: {=IF(B100="","",ROW(82:82))} | C100: =IF(B100=0,"",VLOOKUP(B100,بيانات!A:H,4,FALSE)) | D100: =IF(B100=0,"",VLOOKUP(B100,بيانات!A:H,5,FALSE)) | E100: =IF(B100=0,"",VLOOKUP(B100,بيانات!A:M,13,FALSE)) | F100: =IF(B100=0,"",VLOOKUP(B100,بيانات!A:H,6,FALSE)) | J100: =IF(I100=0,"",VLOOKUP(I100,ورقة1!A:B,2,FALSE)) | K100: =IF(B100=0,"",IF(VLOOKUP(B100,بيانات!A:L,12,FALSE)=0,"",VLOOKUP(B100,بيانات!A:L,12,FALSE)))
A101: {=IF(B101="","",ROW(83:83))} | C101: =IF(B101=0,"",VLOOKUP(B101,بيانات!A:H,4,FALSE)) | D101: =IF(B101=0,"",VLOOKUP(B101,بيانات!A:H,5,FALSE)) | E101: =IF(B101=0,"",VLOOKUP(B101,بيانات!A:M,13,FALSE)) | F101: =IF(B101=0,"",VLOOKUP(B101,بيانات!A:H,6,FALSE)) | J101: =IF(I101=0,"",VLOOKUP(I101,ورقة1!A:B,2,FALSE)) | K101: =IF(B101=0,"",IF(VLOOKUP(B101,بيانات!A:L,12,FALSE)=0,"",VLOOKUP(B101,بيانات!A:L,12,FALSE)))
A102: {=IF(B102="","",ROW(84:84))} | C102: =IF(B102=0,"",VLOOKUP(B102,بيانات!A:H,4,FALSE)) | D102: =IF(B102=0,"",VLOOKUP(B102,بيانات!A:H,5,FALSE)) | E102: =IF(B102=0,"",VLOOKUP(B102,بيانات!A:M,13,FALSE)) | F102: =IF(B102=0,"",VLOOKUP(B102,بيانات!A:H,6,FALSE)) | J102: =IF(I102=0,"",VLOOKUP(I102,ورقة1!A:B,2,FALSE)) | K102: =IF(B102=0,"",IF(VLOOKUP(B102,بيانات!A:L,12,FALSE)=0,"",VLOOKUP(B102,بيانات!A:L,12,FALSE)))
A109: {=IF(B109="","",ROW(85:85))} | C109: =IF(B109=0,"",VLOOKUP(B109,بيانات!A:H,4,FALSE)) | D109: =IF(B109=0,"",VLOOKUP(B109,بيانات!A:H,5,FALSE)) | E109: =IF(B109=0,"",VLOOKUP(B109,بيانات!A:M,13,FALSE)) | F109: =IF(B109=0,"",VLOOKUP(B109,بيانات!A:H,6,FALSE)) | J109: =IF(I109=0,"",VLOOKUP(I109,ورقة1!A:B,2,FALSE)) | K109: =IF(B109=0,"",IF(VLOOKUP(B109,بيانات!A:L,12,FALSE)=0,"",VLOOKUP(B109,بيانات!A:L,12,FALSE))) | L109: نموذج الغياب الموحد - 2 ( أغسطس 2024 )
A110: {=IF(B110="","",ROW(86:86))} | C110: =IF(B110=0,"",VLOOKUP(B110,بيانات!A:H,4,FALSE)) | D110: =IF(B110=0,"",VLOOKUP(B110,بيانات!A:H,5,FALSE)) | E110: =IF(B110=0,"",VLOOKUP(B110,بيانات!A:M,13,FALSE)) | F110: =IF(B110=0,"",VLOOKUP(B110,بيانات!A:H,6,FALSE)) | J110: =IF(I110=0,"",VLOOKUP(I110,ورقة1!A:B,2,FALSE)) | K110: =IF(B110=0,"",IF(VLOOKUP(B110,بيانات!A:L,12,FALSE)=0,"",VLOOKUP(B110,بيانات!A:L,12,FALSE)))
A111: {=IF(B111="","",ROW(87:87))} | C111: =IF(B111=0,"",VLOOKUP(B111,بيانات!A:H,4,FALSE)) | D111: =IF(B111=0,"",VLOOKUP(B111,بيانات!A:H,5,FALSE)) | E111: =IF(B111=0,"",VLOOKUP(B111,بيانات!A:M,13,FALSE)) | F111: =IF(B111=0,"",VLOOKUP(B111,بيانات!A:H,6,FALSE)) | J111: =IF(I111=0,"",VLOOKUP(I111,ورقة1!A:B,2,FALSE)) | K111: =IF(B111=0,"",IF(VLOOKUP(B111,بيانات!A:L,12,FALSE)=0,"",VLOOKUP(B111,بيانات!A:L,12,FALSE)))
A112: {=IF(B112="","",ROW(88:88))} | C112: =IF(B112=0,"",VLOOKUP(B112,بيانات!A:H,4,FALSE)) | D112: =IF(B112=0,"",VLOOKUP(B112,بيانات!A:H,5,FALSE)) | E112: =IF(B112=0,"",VLOOKUP(B112,بيانات!A:M,13,FALSE)) | F112: =IF(B112=0,"",VLOOKUP(B112,بيانات!A:H,6,FALSE)) | J112: =IF(I112=0,"",VLOOKUP(I112,ورقة1!A:B,2,FALSE)) | K112: =IF(B112=0,"",IF(VLOOKUP(B112,بيانات!A:L,12,FALSE)=0,"",VLOOKUP(B112,بيانات!A:L,12,FALSE)))
A113: {=IF(B113="","",ROW(89:89))} | C113: =IF(B113=0,"",VLOOKUP(B113,بيانات!A:H,4,FALSE)) | D113: =IF(B113=0,"",VLOOKUP(B113,بيانات!A:H,5,FALSE)) | E113: =IF(B113=0,"",VLOOKUP(B113,بيانات!A:M,13,FALSE)) | F113: =IF(B113=0,"",VLOOKUP(B113,بيانات!A:H,6,FALSE)) | J113: =IF(I113=0,"",VLOOKUP(I113,ورقة1!A:B,2,FALSE)) | K113: =IF(B113=0,"",IF(VLOOKUP(B113,بيانات!A:L,12,FALSE)=0,"",VLOOKUP(B113,بيانات!A:L,12,FALSE)))
A114: {=IF(B114="","",ROW(90:90))} | C114: =IF(B114=0,"",VLOOKUP(B114,بيانات!A:H,4,FALSE)) | D114: =IF(B114=0,"",VLOOKUP(B114,بيانات!A:H,5,FALSE)) | E114: =IF(B114=0,"",VLOOKUP(B114,بيانات!A:M,13,FALSE)) | F114: =IF(B114=0,"",VLOOKUP(B114,بيانات!A:H,6,FALSE)) | J114: =IF(I114=0,"",VLOOKUP(I114,ورقة1!A:B,2,FALSE)) | K114: =IF(B114=0,"",IF(VLOOKUP(B114,بيانات!A:L,12,FALSE)=0,"",VLOOKUP(B114,بيانات!A:L,12,FALSE)))
A115: {=IF(B115="","",ROW(91:91))} | C115: =IF(B115=0,"",VLOOKUP(B115,بيانات!A:H,4,FALSE)) | D115: =IF(B115=0,"",VLOOKUP(B115,بيانات!A:H,5,FALSE)) | E115: =IF(B115=0,"",VLOOKUP(B115,بيانات!A:M,13,FALSE)) | F115: =IF(B115=0,"",VLOOKUP(B115,بيانات!A:H,6,FALSE)) | J115: =IF(I115=0,"",VLOOKUP(I115,ورقة1!A:B,2,FALSE)) | K115: =IF(B115=0,"",IF(VLOOKUP(B115,بيانات!A:L,12,FALSE)=0,"",VLOOKUP(B115,بيانات!A:L,12,FALSE)))
A116: {=IF(B116="","",ROW(92:92))} | C116: =IF(B116=0,"",VLOOKUP(B116,بيانات!A:H,4,FALSE)) | D116: =IF(B116=0,"",VLOOKUP(B116,بيانات!A:H,5,FALSE)) | E116: =IF(B116=0,"",VLOOKUP(B116,بيانات!A:M,13,FALSE)) | F116: =IF(B116=0,"",VLOOKUP(B116,بيانات!A:H,6,FALSE)) | J116: =IF(I116=0,"",VLOOKUP(I116,ورقة1!A:B,2,FALSE)) | K116: =IF(B116=0,"",IF(VLOOKUP(B116,بيانات!A:L,12,FALSE)=0,"",VLOOKUP(B116,بيانات!A:L,12,FALSE)))
A117: {=IF(B117="","",ROW(93:93))} | C117: =IF(B117=0,"",VLOOKUP(B117,بيانات!A:H,4,FALSE)) | D117: =IF(B117=0,"",VLOOKUP(B117,بيانات!A:H,5,FALSE)) | E117: =IF(B117=0,"",VLOOKUP(B117,بيانات!A:M,13,FALSE)) | F117: =IF(B117=0,"",VLOOKUP(B117,بيانات!A:H,6,FALSE)) | J117: =IF(I117=0,"",VLOOKUP(I117,ورقة1!A:B,2,FALSE)) | K117: =IF(B117=0,"",IF(VLOOKUP(B117,بيانات!A:L,12,FALSE)=0,"",VLOOKUP(B117,بيانات!A:L,12,FALSE)))
A118: {=IF(B118="","",ROW(94:94))} | C118: =IF(B118=0,"",VLOOKUP(B118,بيانات!A:H,4,FALSE)) | D118: =IF(B118=0,"",VLOOKUP(B118,بيانات!A:H,5,FALSE)) | E118: =IF(B118=0,"",VLOOKUP(B118,بيانات!A:M,13,FALSE)) | F118: =IF(B118=0,"",VLOOKUP(B118,بيانات!A:H,6,FALSE)) | J118: =IF(I118=0,"",VLOOKUP(I118,ورقة1!A:B,2,FALSE)) | K118: =IF(B118=0,"",IF(VLOOKUP(B118,بيانات!A:L,12,FALSE)=0,"",VLOOKUP(B118,بيانات!A:L,12,FALSE)))
A119: {=IF(B119="","",ROW(95:95))} | C119: =IF(B119=0,"",VLOOKUP(B119,بيانات!A:H,4,FALSE)) | D119: =IF(B119=0,"",VLOOKUP(B119,بيانات!A:H,5,FALSE)) | E119: =IF(B119=0,"",VLOOKUP(B119,بيانات!A:M,13,FALSE)) | F119: =IF(B119=0,"",VLOOKUP(B119,بيانات!A:H,6,FALSE)) | J119: =IF(I119=0,"",VLOOKUP(I119,ورقة1!A:B,2,FALSE)) | K119: =IF(B119=0,"",IF(VLOOKUP(B119,بيانات!A:L,12,FALSE)=0,"",VLOOKUP(B119,بيانات!A:L,12,FALSE)))
A120: {=IF(B120="","",ROW(96:96))} | C120: =IF(B120=0,"",VLOOKUP(B120,بيانات!A:H,4,FALSE)) | D120: =IF(B120=0,"",VLOOKUP(B120,بيانات!A:H,5,FALSE)) | E120: =IF(B120=0,"",VLOOKUP(B120,بيانات!A:M,13,FALSE)) | F120: =IF(B120=0,"",VLOOKUP(B120,بيانات!A:H,6,FALSE)) | J120: =IF(I120=0,"",VLOOKUP(I120,ورقة1!A:B,2,FALSE)) | K120: =IF(B120=0,"",IF(VLOOKUP(B120,بيانات!A:L,12,FALSE)=0,"",VLOOKUP(B120,بيانات!A:L,12,FALSE)))
A121: {=IF(B121="","",ROW(97:97))} | C121: =IF(B121=0,"",VLOOKUP(B121,بيانات!A:H,4,FALSE)) | D121: =IF(B121=0,"",VLOOKUP(B121,بيانات!A:H,5,FALSE)) | E121: =IF(B121=0,"",VLOOKUP(B121,بيانات!A:M,13,FALSE)) | F121: =IF(B121=0,"",VLOOKUP(B121,بيانات!A:H,6,FALSE)) | J121: =IF(I121=0,"",VLOOKUP(I121,ورقة1!A:B,2,FALSE)) | K121: =IF(B121=0,"",IF(VLOOKUP(B121,بيانات!A:L,12,FALSE)=0,"",VLOOKUP(B121,بيانات!A:L,12,FALSE)))
A122: {=IF(B122="","",ROW(98:98))} | C122: =IF(B122=0,"",VLOOKUP(B122,بيانات!A:H,4,FALSE)) | D122: =IF(B122=0,"",VLOOKUP(B122,بيانات!A:H,5,FALSE)) | E122: =IF(B122=0,"",VLOOKUP(B122,بيانات!A:M,13,FALSE)) | F122: =IF(B122=0,"",VLOOKUP(B122,بيانات!A:H,6,FALSE)) | J122: =IF(I122=0,"",VLOOKUP(I122,ورقة1!A:B,2,FALSE)) | K122: =IF(B122=0,"",IF(VLOOKUP(B122,بيانات!A:L,12,FALSE)=0,"",VLOOKUP(B122,بيانات!A:L,12,FALSE)))
A123: {=IF(B123="","",ROW(99:99))} | C123: =IF(B123=0,"",VLOOKUP(B123,بيانات!A:H,4,FALSE)) | D123: =IF(B123=0,"",VLOOKUP(B123,بيانات!A:H,5,FALSE)) | E123: =IF(B123=0,"",VLOOKUP(B123,بيانات!A:M,13,FALSE)) | F123: =IF(B123=0,"",VLOOKUP(B123,بيانات!A:H,6,FALSE)) | J123: =IF(I123=0,"",VLOOKUP(I123,ورقة1!A:B,2,FALSE)) | K123: =IF(B123=0,"",IF(VLOOKUP(B123,بيانات!A:L,12,FALSE)=0,"",VLOOKUP(B123,بيانات!A:L,12,FALSE)))
...

Sheet ورقة2
